Glossary ID,Status,Target Term,Source Term,Last Updated
term.ability,APPROVED,招式,Ability,2026-09-29
term.ability-roll,APPROVED,招式檢定,Ability Roll,2026-09-29
term.academic,APPROVED,學術,Academic,2026-10-01
term.adjacent,APPROVED,相鄰,Adjacent,2026-09-29
term.advance-action,APPROVED,行進,Advance,2026-10-06
term.advance-move-action,APPROVED,行進移動動作,Advance Move Action,2026-09-29
term.agility,APPROVED,敏捷,Agility,2026-09-29
term.aid-attack-action,APPROVED,助攻,Aid Attack,2026-10-06
term.aid-attack-maneuver,APPROVED,助攻機動動作,Aid Attack Maneuver,2026-09-29
term.alchemy-skill,APPROVED,鍊金,Alchemy,2026-10-06
term.alertness-skill,APPROVED,警覺,Alertness,2026-10-06
term.ally,APPROVED,盟友,Ally,2026-09-29
term.ancestry,APPROVED,族裔,Ancestry,2026-09-29
term.architecture-skill,APPROVED,建築,Architecture,2026-10-06
term.area-of-effect,APPROVED,效果區域,Area of Effect,2026-09-29
term.argument,APPROVED,論點,Argument,2026-09-29
term.artifact,APPROVED,法寶,Artifact,2026-09-29
term.artisan,APPROVED,工匠,Artisan,2026-09-29
term.aura,APPROVED,靈光,Aura,2026-09-29
term.background,APPROVED,背景,Background,2026-09-29
term.bane,APPROVED,劣勢,Bane,2026-09-29
term.blacksmithing-skill,APPROVED,鍛造,Blacksmithing,2026-10-06
term.bleeding,APPROVED,出血,Bleeding,2026-09-29
term.bonus,APPROVED,加值,Bonus,2026-09-29
term.brag-skill,APPROVED,誇耀,Brag,2026-10-06
term.breakthrough,APPROVED,突破,Breakthrough,2026-09-29
term.bureaucratic,APPROVED,官僚,Bureaucratic,2026-10-01
term.burrow,APPROVED,掘地,Burrow,2026-09-29
term.burst,APPROVED,爆發,Burst,2026-09-29
term.capital,APPROVED,元城,Capital,2026-09-29
term.career,APPROVED,生涯,Career,2026-09-29
term.carpentry-skill,APPROVED,木工,Carpentry,2026-10-06
term.catch-breath-action,APPROVED,喘息,Catch Breath,2026-10-06
term.catch-breath-maneuver,APPROVED,喘息機動動作,Catch Breath Maneuver,2026-09-29
term.ceiling,APPROVED,天花板,Ceiling,2026-09-29
term.censor,APPROVED,懲戒者,Censor,2026-09-29
term.characteristic,APPROVED,屬性,Characteristics,2026-09-29
term.charge-action,APPROVED,衝鋒,Charge,2026-10-06
term.charge-main-action,APPROVED,衝鋒主要動作,Charge Main Action,2026-09-29
term.clarity,APPROVED,明晰,Clarity,2026-09-29
term.class,APPROVED,職業,Class,2026-09-29
term.claw-dirt,APPROVED,挖土,Claw Dirt,2026-09-29
term.climb,APPROVED,攀爬,Climb,2026-09-29
term.climb-skill,APPROVED,攀爬,Climb,2026-10-06
term.combat-round,APPROVED,戰鬥輪,Combat Round,2026-09-29
term.communal,APPROVED,平權,Communal,2026-10-01
term.complication,APPROVED,糾葛,Complication,2026-09-29
term.conceal-object-skill,APPROVED,藏物,Conceal Object,2026-10-06
term.concealment,APPROVED,遮蔽,Concealment,2026-09-29
term.condition,APPROVED,狀態,Condition,2026-09-29
term.conduit,APPROVED,神導士,Conduit,2026-09-29
term.consequence,APPROVED,波折,Consequence,2026-09-29
term.consumable,APPROVED,消耗品,Consumable,2026-09-29
term.cooking-skill,APPROVED,烹飪,Cooking,2026-10-06
term.cover,APPROVED,掩護,Cover,2026-09-29
term.crafting-project,APPROVED,工藝類專案,Crafting Project,2026-09-29
term.crafting-skill-group,APPROVED,工藝類,Crafting,2026-10-06
term.crawl,APPROVED,爬行,Crawl,2026-09-29
term.creative,APPROVED,創作,Creative,2026-10-01
term.creature,APPROVED,生物,Creature,2026-09-29
term.criminal-underworld-skill,APPROVED,江湖,Criminal Underworld,2026-10-06
term.critical-hit,APPROVED,暴擊,Critical Hit,2026-09-29
term.cube,APPROVED,立方,Cube,2026-09-29
term.culture,APPROVED,文化,Culture,2026-09-29
term.culture-skill,APPROVED,文化,Culture,2026-10-06
term.d10,APPROVED,d10,d10,2026-09-29
term.d100,APPROVED,d100,d100,2026-09-29
term.d3,APPROVED,d3,d3,2026-09-29
term.d6,APPROVED,d6,d6,2026-09-29
term.damage,APPROVED,傷害,Damage,2026-09-29
term.damage-immunity,APPROVED,傷害免疫,Damage Immunity,2026-09-29
term.damage-type,APPROVED,傷害類型,Damage Type,2026-09-29
term.damage-weakness,APPROVED,傷害弱點,Damage Weakness,2026-09-29
term.damaging-terrain,APPROVED,致傷地形,Damaging Terrain,2026-09-29
term.dazed,APPROVED,暈眩,Dazed,2026-09-29
term.defend-action,APPROVED,防禦,Defend,2026-10-06
term.defend-main-action,APPROVED,防禦主要動作,Defend Main Action,2026-09-29
term.devil,APPROVED,魔鬼,Devil,2026-09-29
term.difficult-terrain,APPROVED,困難地形,Difficult Terrain,2026-09-29
term.dig-maneuver,APPROVED,鑽地機動動作,Dig Maneuver,2026-09-29
term.director,APPROVED,導演,Director,2026-09-29
term.discipline,APPROVED,紀律,Discipline,2026-09-29
term.disengage-action,APPROVED,撤離,Disengage,2026-10-06
term.disengage-move-action,APPROVED,撤離移動動作,Disengage Move Action,2026-09-29
term.disguise-skill,APPROVED,易容,Disguise,2026-10-06
term.distance,APPROVED,射程,Distance,2026-09-29
term.double-bane,APPROVED,雙劣勢,Double Bane,2026-09-29
term.double-edge,APPROVED,雙優勢,Double Edge,2026-09-29
term.downtime-project,APPROVED,休整專案,Downtime Project,2026-09-29
term.dragon-knight,APPROVED,龍騎士,Dragon Knight,2026-09-29
term.drama,APPROVED,張力,Drama,2026-09-29
term.drive-skill,APPROVED,駕駛,Drive,2026-10-06
term.dwarf,APPROVED,矮人,Dwarf,2026-09-29
term.dying,APPROVED,瀕死,Dying,2026-09-29
term.eavesdrop-skill,APPROVED,竊聽,Eavesdrop,2026-10-06
term.echelon,APPROVED,境界,Echelon,2026-09-29
term.edge,APPROVED,優勢,Edge,2026-09-29
term.elementalist,APPROVED,元素師,Elementalist,2026-09-29
term.empathize-skill,APPROVED,共感,Empathize,2026-10-06
term.endurance-skill,APPROVED,耐力,Endurance,2026-10-06
term.enemy,APPROVED,敵人,Enemy,2026-09-29
term.environment,APPROVED,生活環境,Environment,2026-10-01
term.eot,APPROVED,EoT,EoT,2026-09-29
term.escape-artist-skill,APPROVED,脫逃,Escape Artist,2026-10-06
term.escape-grab-action,APPROVED,掙脫,Escape Grab,2026-10-06
term.escape-grab-maneuver,APPROVED,掙脫機動動作,Escape Grab Maneuver,2026-09-29
term.essence,APPROVED,精髓,Essence,2026-09-29
term.experience-xp,APPROVED,經驗值 (XP),Experience (XP),2026-09-29
term.exploration-skill-group,APPROVED,探索類,Exploration,2026-10-06
term.falling,APPROVED,墜落,Falling,2026-09-29
term.ferocity,APPROVED,狠勁,Ferocity,2026-09-29
term.flanking,APPROVED,夾擊,Flanking,2026-09-29
term.fletching-skill,APPROVED,製箭,Fletching,2026-10-06
term.flirt-skill,APPROVED,魅惑,Flirt,2026-10-06
term.fly,APPROVED,飛行,Fly,2026-09-29
term.focus,APPROVED,專注,Focus,2026-09-29
term.follower,APPROVED,追隨者,Follower,2026-09-29
term.forced-movement,APPROVED,強制移動,Forced Movement,2026-09-29
term.forgery-skill,APPROVED,偽造,Forgery,2026-10-06
term.free-maneuver,APPROVED,免費機動動作,Free Maneuver,2026-09-29
term.free-strike,APPROVED,基礎打擊,Free Strike,2026-09-29
term.free-triggered-action,APPROVED,免費反應動作,Free Triggered Action,2026-09-29
term.frightened,APPROVED,畏縮,Frightened,2026-09-29
term.fury,APPROVED,熾怒者,Fury,2026-09-29
term.gamble-skill,APPROVED,賭博,Gamble,2026-10-06
term.god,APPROVED,神明,God,2026-09-29
term.grab-action,APPROVED,擒抱,Grab,2026-10-06
term.grab-maneuver,APPROVED,擒抱機動動作,Grab Maneuver,2026-09-29
term.grabbed,APPROVED,擒制,Grabbed,2026-09-29
term.ground,APPROVED,地面,Ground,2026-09-29
term.group-test,APPROVED,團體考驗,Group Test,2026-09-29
term.guide,APPROVED,指南,Guide,2026-09-29
term.gymnastics-skill,APPROVED,體操,Gymnastics,2026-10-06
term.hakaan,APPROVED,哈肯人,Hakaan,2026-09-29
term.handle-animals-skill,APPROVED,馴獸,Handle Animals,2026-10-06
term.heal-action,APPROVED,治療,Heal,2026-10-06
term.heal-main-action,APPROVED,治療主要動作,Heal Main Action,2026-09-29
term.heal-skill,APPROVED,醫療,Heal,2026-10-06
term.hero,APPROVED,英雄,Hero,2026-09-29
term.hero-token,APPROVED,英雄幣,Hero Tokens,2026-09-29
term.heroic-ability,APPROVED,英雄招式,Heroic Ability,2026-09-29
term.heroic-resource,APPROVED,英雄資源,Heroic Resource,2026-09-29
term.hide-action,APPROVED,躲藏,Hide,2026-10-06
term.hide-maneuver,APPROVED,躲藏機動動作,Hide Maneuver,2026-09-29
term.hide-skill,APPROVED,躲藏,Hide,2026-10-06
term.high-elves,APPROVED,高等精靈,High Elves,2026-09-29
term.high-ground,APPROVED,高地,High Ground,2026-09-29
term.history-skill,APPROVED,歷史,History,2026-10-06
term.hover,APPROVED,懸浮,Hover,2026-09-29
term.human,APPROVED,人類,Human,2026-09-29
term.humanoid,APPROVED,類人生物,Humanoid,2026-09-29
term.implement,APPROVED,法器,Implement,2026-09-29
term.insight,APPROVED,洞察,Insight,2026-09-29
term.interest,APPROVED,興趣,Interest,2026-09-29
term.interpersonal-skill-group,APPROVED,交涉類,Interpersonal,2026-10-06
term.interrogate-skill,APPROVED,審訊,Interrogate,2026-10-06
term.intimidate-skill,APPROVED,威嚇,Intimidate,2026-10-06
term.intrigue-skill-group,APPROVED,諜報類,Intrigue,2026-10-06
term.intuition,APPROVED,直覺,Intuition,2026-09-29
term.item-prerequisite,APPROVED,前置材料,Item Prerequisite,2026-09-29
term.jewelry-skill,APPROVED,珠寶,Jewelry,2026-10-06
term.jump,APPROVED,跳躍,Jump,2026-09-29
term.jump-skill,APPROVED,跳躍,Jump,2026-10-06
term.kit,APPROVED,套裝,Kit,2026-09-29
term.knockback-action,APPROVED,擊退,Knockback,2026-10-06
term.knockback-maneuver,APPROVED,擊退機動動作,Knockback Maneuver,2026-09-29
term.labor,APPROVED,勞動,Labor,2026-10-01
term.lawless,APPROVED,法外,Lawless,2026-10-01
term.lead-skill,APPROVED,領導,Lead,2026-10-06
term.level,APPROVED,等級,Level,2026-09-29
term.leveled-treasure,APPROVED,共鳴寶物,Leveled Treasure,2026-09-29
term.lie-skill,APPROVED,欺瞞,Lie,2026-10-06
term.lift-skill,APPROVED,舉重,Lift,2026-10-06
term.line,APPROVED,線形,Line,2026-09-29
term.line-of-effect,APPROVED,效果線,Line of Effect,2026-09-29
term.lore-skill-group,APPROVED,學識類,Lore,2026-10-06
term.magic-skill,APPROVED,魔法,Magic,2026-10-06
term.main-action,APPROVED,主要動作,Main Action,2026-09-29
term.make-or-assist-test-action,APPROVED,進行或協助考驗,Make Or Assist A Test,2026-10-06
term.malice,APPROVED,惡意,Malice,2026-09-29
term.maneuver,APPROVED,機動動作,Maneuver,2026-09-29
term.manifold,APPROVED,衍界,Manifold,2026-09-29
term.martial,APPROVED,尚武,Martial,2026-10-01
term.mechanics-skill,APPROVED,機關,Mechanics,2026-10-06
term.melee,APPROVED,近戰,Melee,2026-09-29
term.melee-free-strike,APPROVED,近戰基礎打擊,Melee Free Strike,2026-09-29
term.memonek,APPROVED,梅莫人,Memonek,2026-09-29
term.might,APPROVED,力量,Might,2026-09-29
term.monsters-skill,APPROVED,怪物,Monsters,2026-10-06
term.montage-test,APPROVED,蒙太奇考驗,Montage Test,2026-09-29
term.motivation,APPROVED,動機,Motivation,2026-09-29
term.mounted-combat,APPROVED,騎乘戰鬥,Mounted Combat,2026-09-29
term.move-action,APPROVED,移動動作,Move Action,2026-09-29
term.movement,APPROVED,移動,Movement,2026-09-29
term.mundane,APPROVED,尋常,Mundane,2026-09-29
term.music-skill,APPROVED,音樂,Music,2026-10-06
term.natural-19-or-20,APPROVED,天然 19 或 20,Natural 19 or 20,2026-09-29
term.natural-roll,APPROVED,天然骰值,Natural Roll,2026-09-29
term.nature-skill,APPROVED,自然,Nature,2026-10-06
term.navigate-skill,APPROVED,導航,Navigate,2026-10-06
term.negotiation,APPROVED,談判,Negotiation,2026-09-29
term.no-action,APPROVED,無需動作,No Action,2026-09-29
term.noble,APPROVED,貴族,Noble,2026-10-01
term.nomadic,APPROVED,遊牧,Nomadic,2026-10-01
term.npc,APPROVED,NPC,NPC,2026-09-29
term.null,APPROVED,無念者,Null,2026-09-29
term.object,APPROVED,物體,Object,2026-09-29
term.objective,APPROVED,目標,Objective,2026-09-29
term.opportunity-attack,APPROVED,藉機攻擊,Opportunity Attack,2026-09-29
term.opposed-power-roll,APPROVED,對抗檢定,Opposed Power Roll,2026-09-29
term.orc,APPROVED,歐克,Orc,2026-09-29
term.orden,APPROVED,歐爾登,Orden,2026-09-29
term.organization,APPROVED,組織型態,Organization,2026-10-01
term.patience,APPROVED,耐心,Patience,2026-09-29
term.penalty,APPROVED,減值,Penalty,2026-09-29
term.perform-skill,APPROVED,表演,Perform,2026-10-06
term.perk,APPROVED,專長,Perk,2026-09-29
term.persuade-skill,APPROVED,遊說,Persuade,2026-10-06
term.pick-lock-skill,APPROVED,開鎖,Pick Lock,2026-10-06
term.pick-pocket-skill,APPROVED,扒竊,Pick Pocket,2026-10-06
term.piety,APPROVED,虔誠,Piety,2026-09-29
term.pitfall,APPROVED,雷點,Pitfall,2026-09-29
term.polder,APPROVED,波德人,Polder,2026-09-29
term.potency,APPROVED,效力,Potency,2026-09-29
term.power-roll,APPROVED,檢定,Power Roll,2026-09-29
term.presence,APPROVED,氣場,Presence,2026-09-29
term.project-event,APPROVED,專案事件,Project Event,2026-09-29
term.project-goal,APPROVED,專案目標,Project Goal,2026-09-29
term.project-points,APPROVED,專案點數,Project Points,2026-09-29
term.project-roll,APPROVED,專案檢定,Project Roll,2026-09-29
term.project-source,APPROVED,專案來源,Project Source,2026-09-29
term.prone,APPROVED,伏地,Prone,2026-09-29
term.psionics-skill,APPROVED,靈能,Psionics,2026-10-06
term.pull,APPROVED,拉動,Pull,2026-09-29
term.push,APPROVED,推動,Push,2026-09-29
term.ranged,APPROVED,遠程,Ranged,2026-09-29
term.ranged-free-strike,APPROVED,遠程基礎打擊,Ranged Free Strike,2026-09-29
term.reactive-test,APPROVED,被動考驗,Reactive Test,2026-09-29
term.read-person-skill,APPROVED,觀色,Read Person,2026-10-06
term.reason,APPROVED,理智,Reason,2026-09-29
term.recovery,APPROVED,復元力,Recoveries,2026-09-29
term.recovery-value,APPROVED,復元值,Recovery Value,2026-09-29
term.religion-skill,APPROVED,宗教,Religion,2026-10-06
term.renown,APPROVED,聲望,Renown,2026-09-29
term.research-project,APPROVED,研究類專案,Research Project,2026-09-29
term.respite,APPROVED,休整,Respite,2026-09-29
term.respite-activity,APPROVED,休整活動,Respite Activity,2026-09-29
term.restrained,APPROVED,束縛,Restrained,2026-09-29
term.retainer,APPROVED,隨從,Retainer,2026-09-29
term.revenant,APPROVED,還魂屍,Revenant,2026-09-29
term.reward,APPROVED,獎勵,Reward,2026-09-29
term.ride-action,APPROVED,騎乘,Ride,2026-10-06
term.ride-move-action,APPROVED,騎乘移動動作,Ride Move Action,2026-09-29
term.ride-skill,APPROVED,騎術,Ride,2026-10-06
term.rolled-damage,APPROVED,檢定傷害,Rolled Damage,2026-09-29
term.rumors-skill,APPROVED,傳聞,Rumors,2026-10-06
term.rural,APPROVED,鄉村,Rural,2026-10-01
term.sabotage-skill,APPROVED,拆除,Sabotage,2026-10-06
term.sage,APPROVED,學者,Sage,2026-09-29
term.saint,APPROVED,聖者,Saint,2026-09-29
term.save-ends,APPROVED,豁免解除,Save Ends,2026-09-29
term.saving-throw,APPROVED,豁免,Saving Throw,2026-09-29
term.search-for-hidden-creatures-action,APPROVED,搜索隱藏生物,Search for Hidden Creatures,2026-10-06
term.search-for-hidden-creatures-maneuver,APPROVED,搜索隱藏生物機動動作,Search for Hidden Creatures Maneuver,2026-09-29
term.search-skill,APPROVED,搜索,Search,2026-10-06
term.secluded,APPROVED,隱居,Secluded,2026-10-01
term.shadow,APPROVED,影舞者,Shadow,2026-09-29
term.shift,APPROVED,遁移,Shift,2026-09-29
term.side,APPROVED,陣營,Side,2026-09-29
term.signature-ability,APPROVED,招牌招式,Signature Ability,2026-09-29
term.size,APPROVED,體型,Size,2026-09-29
term.skill,APPROVED,技能,Skill,2026-09-29
term.slide,APPROVED,滑動,Slide,2026-09-29
term.slowed,APPROVED,緩速,Slowed,2026-09-29
term.sneak-skill,APPROVED,潛行,Sneak,2026-10-06
term.society-skill,APPROVED,社會,Society,2026-10-06
term.space,APPROVED,空間,Space,2026-09-29
term.speed,APPROVED,速度,Speed,2026-09-29
term.square,APPROVED,方格,Square,2026-09-29
term.stability,APPROVED,穩度,Stability,2026-09-29
term.stamina,APPROVED,體力,Stamina,2026-09-29
term.stand-up-action,APPROVED,起身,Stand Up,2026-10-06
term.stand-up-maneuver,APPROVED,起身機動動作,Stand Up Maneuver,2026-09-29
term.strained,APPROVED,焦慮,Strained,2026-09-29
term.strategy-skill,APPROVED,戰略,Strategy,2026-10-06
term.strike,APPROVED,打擊,Strike,2026-09-29
term.subclass,APPROVED,子職業,Subclass,2026-09-29
term.suffocating,APPROVED,窒息,Suffocating,2026-09-29
term.supernatural,APPROVED,超常,Supernatural,2026-09-29
term.surge,APPROVED,鬥志,Surge,2026-09-29
term.surprised,APPROVED,措手不及,Surprised,2026-09-29
term.swim,APPROVED,游泳,Swim,2026-09-29
term.swim-skill,APPROVED,游泳,Swim,2026-10-06
term.tactician,APPROVED,戰術家,Tactician,2026-09-29
term.tailoring-skill,APPROVED,裁縫,Tailoring,2026-10-06
term.talent,APPROVED,異能者,Talent,2026-09-29
term.target,APPROVED,目標,Target,2026-09-29
term.taunted,APPROVED,嘲諷,Taunted,2026-09-29
term.teleport,APPROVED,傳送,Teleport,2026-09-29
term.temporary-stamina,APPROVED,臨時體力,Temporary Stamina,2026-09-29
term.test,APPROVED,考驗,Test,2026-09-29
term.tier-1,APPROVED,T1,Tier 1,2026-09-29
term.tier-2,APPROVED,T2,Tier 2,2026-09-29
term.tier-3,APPROVED,T3,Tier 3,2026-09-29
term.tier-outcome,APPROVED,階級結果,Tier Outcome,2026-09-29
term.time-raider,APPROVED,時空獵手,Time Raider,2026-09-29
term.timescape,APPROVED,時界,Timescape,2026-09-29
term.timescape-skill,APPROVED,時界,Timescape,2026-10-06
term.title,APPROVED,稱號,Title,2026-09-29
term.track-skill,APPROVED,追蹤,Track,2026-10-06
term.treasure,APPROVED,寶物,Treasure,2026-09-29
term.triggered-action,APPROVED,反應動作,Triggered Action,2026-09-29
term.trinket,APPROVED,飾品,Trinket,2026-09-29
term.troubadour,APPROVED,遊唱家,Troubadour,2026-09-29
term.turn,APPROVED,回合,Turn,2026-09-29
term.unattended-object,APPROVED,無主物體,Unattended Object,2026-09-29
term.underwater-combat,APPROVED,水下戰鬥,Underwater combat,2026-09-29
term.untyped-damage,APPROVED,普通傷害,Untyped Damage,2026-09-29
term.upbringing,APPROVED,成長經歷,Upbringing,2026-10-01
term.urban,APPROVED,城市,Urban,2026-10-01
term.use-consumable-action,APPROVED,使用消耗品,Use Consumable,2026-10-06
term.vasloria,APPROVED,華斯洛里亞,Vasloria,2026-09-29
term.vertical,APPROVED,垂直,Vertical,2026-09-29
term.victory,APPROVED,勝利值,Victories,2026-09-29
term.walk,APPROVED,步行,Walk,2026-09-29
term.wall,APPROVED,障壁,Wall,2026-09-29
term.weakened,APPROVED,虛弱,Weakened,2026-09-29
term.wealth,APPROVED,財富,Wealth,2026-09-29
term.wilderness,APPROVED,荒野,Wilderness,2026-10-01
term.winded,APPROVED,疲態,Winded,2026-09-29
term.wode-elf,APPROVED,幻林精靈,Wode Elf,2026-09-29
term.wrath,APPROVED,神怒,Wrath,2026-09-29
