Name ID,Status,Target Name,Source Name,Last Updated
heroes.language.ananjali,APPROVED,阿納賈利語,Ananjali,2026-10-02
heroes.language.anjali,APPROVED,安賈利語,Anjali,2026-10-02
heroes.language.axiomatic,APPROVED,公理語,Axiomatic,2026-10-02
heroes.language.caelian,APPROVED,凱利安語,Caelian,2026-10-02
heroes.language.filliaric,APPROVED,菲利亞語,Filliaric,2026-10-02
heroes.language.first-language,APPROVED,太古語,The First Language,2026-10-02
heroes.language.higaran,APPROVED,希伽拉語,Higaran,2026-10-02
heroes.language.high-kuric,APPROVED,高庫語,High Kuric,2026-10-02
heroes.language.high-rhyvian,APPROVED,高瑞維亞語,High Rhyvian,2026-10-02
heroes.language.hyrallic,APPROVED,赫拉語,Hyrallic,2026-10-02
heroes.language.illyvric,APPROVED,伊利夫語,Illyvric,2026-10-02
heroes.language.kalliak,APPROVED,卡力語,Kalliak,2026-10-02
heroes.language.kethaic,APPROVED,克薩語,Kethaic,2026-10-02
heroes.language.khamish,APPROVED,卡米希語,Khamish,2026-10-02
heroes.language.khelt,APPROVED,克特語,Khelt,2026-10-02
heroes.language.kheltivari,APPROVED,克提華里語,Kheltivari,2026-10-02
heroes.language.khemharic,APPROVED,凱姆哈拉語,Khemharic,2026-10-02
heroes.language.khoursirian,APPROVED,科爾瑟語,Khoursirian,2026-10-02
heroes.language.low-kuric,APPROVED,低庫語,Low Kuric,2026-10-02
heroes.language.low-rhyvian,APPROVED,低瑞維亞語,Low Rhyvian,2026-10-02
heroes.language.mindspeech,APPROVED,心靈語,Mindspeech,2026-10-02
heroes.language.oaxuatl,APPROVED,瓦蘇奧語,Oaxuatl,2026-10-02
heroes.language.old-variac,APPROVED,古華里亞語,Old Variac,2026-10-02
heroes.language.phaedran,APPROVED,斐德羅語,Phaedran,2026-10-02
heroes.language.phorialtic,APPROVED,佛里奧語,Phorialtic,2026-10-02
heroes.language.proto-ctholl,APPROVED,原墮語,Proto-Ctholl,2026-10-02
heroes.language.rallarian,APPROVED,拉拉里安語,Rallarian,2026-10-02
heroes.language.riojan,APPROVED,里歐哈語,Riojan,2026-10-02
heroes.language.szetch,APPROVED,澤奇語,Szetch,2026-10-02
heroes.language.tholl,APPROVED,墮語,Tholl,2026-10-02
heroes.language.ullorvic,APPROVED,烏洛維克語,Ullorvic,2026-10-02
heroes.language.urollialic,APPROVED,巫羅語,Urollialic,2026-10-02
heroes.language.uvalic,APPROVED,烏華利語,Uvalic,2026-10-02
heroes.language.vaniric,APPROVED,華尼伽語,Vaniric,2026-10-02
heroes.language.variac,APPROVED,華里亞語,Variac,2026-10-02
heroes.language.vaslorian,APPROVED,華斯洛里亞語,Vaslorian,2026-10-02
heroes.language.vastariax,APPROVED,華斯塔里亞語,Vastariax,2026-10-02
heroes.language.vhoric,APPROVED,沃瑞語,Vhoric,2026-10-02
heroes.language.voll,APPROVED,沃爾語,Voll,2026-10-02
heroes.language.yllyric,APPROVED,伊林語,Yllyric,2026-10-02
heroes.language.zahariax,APPROVED,札哈里亞語,Za’hariax,2026-10-02
heroes.language.zaliac,APPROVED,札力語,Zaliac,2026-10-02
